{
  "asof": "2025-11-11",
  "delta_pred": -0.06989717042166743,
  "level_pred": 0.22656075178820156
}