Label,CPI Inflation,Core CPI Inflation,PCE Inflation,Core PCE Inflation
11/03,0.301529716929311,0.247317052243088,0.257149622145203,0.229141745641677
11/04,0.296123340029228,0.247317052243088,0.253827861180654,0.229141745641677
11/05,0.296457922209869,0.247317052243088,0.25403343360885,0.229141745641677
11/06,0.296457922209869,0.247317052243088,0.25403343360885,0.229141745641677
11/07,0.296457922209869,0.247317052243088,0.25403343360885,0.229141745641677
11/10,0.296457922209869,0.247317052243088,0.25403343360885,0.229141745641677
11/12,0.296457922209869,0.247317052243088,0.25403343360885,0.229141745641677